{
  "_meta": {
    "game": "Tower Networking Inc.",
    "dataset": "cli-commands",
    "version": "1.1.0",
    "last_updated": "2025-12-07",
    "description": "Complete reference for in-game terminal (netsh) commands, syntax, and examples.",
    "notes": "Commands require a debugger device connected to the network. Use 'man <command>' in-game for help.",
    "sources": [
      {
        "name": "In-game man pages",
        "notes": "Data collected from 'man <command>' output and in-game testing"
      }
    ],
    "contributors": [
      "Salvo Praxis",
      "Claude (Anthropic)"
    ]
  },
  "shell_shortcuts": {
    "up_arrow": "Cycle previous executed command",
    "tab": "Try auto complete word",
    "ctrl_w": "Erase previous word from cursor",
    "ctrl_a": "Go to start of command",
    "ctrl_e": "Go to end of command",
    "ctrl_c": "Halt/exit/clear",
    "ctrl_d": "Exit terminal",
    "ctrl_v": "Paste from clipboard",
    "tilde": "Toggle terminal"
  },
  "commands": {
    "program": {
      "description": "Program management - install, start, stop, and manage programs on servers.",
      "subcommands": {
        "list": "List available programs to install",
        "describe": "Get program description",
        "view installed": "View installed programs on device",
        "view running": "View running programs on device",
        "install": "Install program on device",
        "start": "Start program on device",
        "stop": "Stop program on device",
        "uninstall": "Uninstall program on device"
      },
      "syntax": "program <action> [program_name] on <device_addr> using <debugger_addr>",
      "examples": [
        "program list",
        "program describe dns-server",
        "program view installed on 123 using 456",
        "program view running on 123 using 456",
        "program install dns-lite on 123 using 456",
        "program start dns-lite on 123 using 456",
        "program stop dns-lite on 123 using 456",
        "program uninstall dns-lite on 123 using 456",
        "program uninstall * on 123 using 456"
      ]
    },
    "dns": {
      "description": "DNS management - lookup, map, and unmap domain names.",
      "subcommands": {
        "lookup": "Test resolving a domain",
        "map": "Map a domain to an address",
        "unmap": "Clear DNS record for domain"
      },
      "syntax": "dns <action> <domain> [as <address>] [on <dns_addr>] using <debugger_addr>",
      "examples": [
        "dns lookup abc.xyz using 456",
        "dns map readnews.com as 123 using 456",
        "dns map readnews.com as @foobar using 456",
        "dns unmap readnews.com using 456"
      ]
    },
    "dhcp": {
      "description": "DHCP management - configure DHCP server options.",
      "subcommands": {
        "show": "Show DHCP options on server",
        "option dns": "Auto designate DNS servers",
        "option prefix": "Auto assign network addresses with prefix",
        "option bind": "Assign specific network address based on hardware address",
        "option unbind": "Remove hardware address binding"
      },
      "syntax": "dhcp <action> [options] on <dhcp_addr> using <debugger_addr>",
      "examples": [
        "dhcp show on @mydhcp using @mydebug",
        "dhcp option dns @mydns on @mydhcp using @mydebug",
        "dhcp option prefix @net1/ on @mydhcp using 456",
        "dhcp option bind 1234 as @fixed on @dhcp using 456",
        "dhcp option unbind 1234 on @dhcp using 456"
      ]
    },
    "firewall": {
      "description": "Manage rules on firewalls - allow/deny traffic by type, source, destination.",
      "subcommands": {
        "show": "Show firewall policies and their numbers",
        "default allow": "Set default policy to allow",
        "default deny": "Set default policy to deny",
        "allow": "Add allow policy",
        "deny": "Add deny policy",
        "remove": "Remove policy by number",
        "clear": "Clear all policies"
      },
      "syntax": "firewall <action> [traffic_type] [from <src>] [to <dst>] on <fw_addr> using <debugger_addr>",
      "traffic_types": "tcp/<port>, udp/<port>, tcp/*<wildcard>, udp/*<wildcard>",
      "examples": [
        "firewall show on 123 using 456",
        "firewall default allow on 123 using 456",
        "firewall default deny on 123 using 456",
        "firewall allow from @alice to @bob on 123 using 456",
        "firewall allow udp/53 to @dns on 123 using 456",
        "firewall deny from @alice to @bob on 123 using 456",
        "firewall deny tcp/22 from @hacker on 123 using 456",
        "firewall deny tcp/7*9 on 123 using 456",
        "firewall remove #0 on 123 using 456",
        "firewall remove #2 #3 #5 on 123 using 456",
        "firewall clear on 123 using 456"
      ]
    },
    "route": {
      "description": "Manage routes on routers - add, remove, and configure routing rules.",
      "subcommands": {
        "show": "Show routes and their numbers",
        "default": "Set default route",
        "add": "Append a route",
        "remove": "Remove route by number",
        "clear": "Clear all routes",
        "enable broadcast": "Forward all broadcast requests",
        "drop broadcast": "Drop all broadcast requests"
      },
      "syntax": "route <action> [dst_addr] [traffic <type>] [from <port:src>] via <port> on <router_addr> using <debugger_addr>",
      "examples": [
        "route show on 123 using 456",
        "route default via port0 on 123 using 456",
        "route default drop on 123 using 456",
        "route add @abc via port1 on 123 using 456",
        "route add @abc traffic tcp/80 via port2 on 123 using 456",
        "route add traffic udp/5060 from @voip via port2 on 123 using 456",
        "route add traffic udp/67 from port1 via port2 on 123 using 456",
        "route add from port1:98712 via port2 on 123 using 456",
        "route remove #0 on 123 using 456",
        "route remove #2 #3 #5 on 123 using 456",
        "route clear on 123 using 456",
        "route enable broadcast on 123 using 456",
        "route drop broadcast on 123 using 456"
      ]
    },
    "rip": {
      "description": "Configure auto route discovery on routers (RIP protocol).",
      "subcommands": {
        "show": "Show RIP configuration",
        "advertise": "Start advertising routing information",
        "stop advertise": "Stop advertising routing information",
        "listen": "Listen to advertised routing information",
        "ignore": "Ignore advertised routing information"
      },
      "syntax": "rip <action> [via <port>] on <router_addr> using <debugger_addr>",
      "examples": [
        "rip show on 123 using 456",
        "rip advertise on 123 using 456",
        "rip advertise via port0 on 123 using 456",
        "rip stop advertise on 123 using 456",
        "rip listen on 123 using 456",
        "rip ignore on 123 using 456"
      ]
    },
    "vlan": {
      "description": "Manage virtual local area networks on managed switches.",
      "subcommands": {
        "show": "Show VLAN setup on managed switch",
        "tag": "Tag VLAN ID to port(s)",
        "untag": "Untag VLAN ID from port(s)",
        "clear": "Clear VLAN configuration"
      },
      "syntax": "vlan <action> <port(s)> [with #<tag>] on <switch_addr> using <debugger_addr>",
      "examples": [
        "vlan show on @mysw1 using @mydebug",
        "vlan tag port1 with #vlan1 on @mysw using @mydebug",
        "vlan tag port1 port2 with #vlan2 on @mysw using @mydebug",
        "vlan tag port3 with #vlan1 #vlan2 on @mysw using @mydebug",
        "vlan untag port2 with #vlan2 on @mysw using @mydebug",
        "vlan untag port2 port1 on @mysw using @mydebug",
        "vlan clear on @mysw using @mydebug"
      ]
    },
    "net": {
      "description": "Manage network configuration on devices/users.",
      "subcommands": {
        "show": "Show network configuration",
        "address set": "Set network address",
        "address clear": "Clear network address",
        "dns set": "Designate DNS server address",
        "dns clear": "Clear designated DNS server",
        "dhcp boot": "Request DHCP on boot only",
        "dhcp periodic": "Request DHCP periodically",
        "dhcp disable": "Disable DHCP requests",
        "dhcp request": "Perform DHCP request now"
      },
      "syntax": "net <action> [value] on <target_addr> using <debugger_addr>",
      "aliases": ["address -> addr -> a"],
      "examples": [
        "net show on 123 using 456",
        "net address set @235-013 on 123 using 456",
        "net addr set @debug1 on 123 using 456",
        "net a set @mybox on 123 using 456",
        "net dns set 789 on 123 using 456",
        "net dns set 789 790 on 123 using 456",
        "net dns clear on 456",
        "net addr clear on 456",
        "net dhcp boot on 456",
        "net dhcp periodic on 456",
        "net dhcp disable on 456",
        "net dhcp request on 456"
      ]
    },
    "trace": {
      "description": "Trace network traversal from one device to another.",
      "syntax": "trace <dest_addr> [from <src_addr>] [with <traffic_type>] using <debugger_addr>",
      "examples": [
        "trace 123 using 789",
        "trace 123 from 456 using 789",
        "trace 123 from 456 with udp/53 using 789"
      ]
    },
    "scan": {
      "description": "Scan and list devices accessible through a debugger.",
      "device_types": {
        "all / a": "All device types",
        "devices / d": "All devices",
        "users / u": "User devices",
        "switches / S": "Network switches",
        "routers / r": "Network routers",
        "taps / t": "Network taps",
        "firewalls / f": "Network firewalls",
        "dns-servers / dns": "DNS servers",
        "dhcp-servers / dhcp": "DHCP servers",
        "tower-links / link": "Tower links",
        "virt.-machines / vm": "Virtual machines"
      },
      "syntax": "scan [device_type] [from <source>] [with <traffic_type>] using <debugger_addr>",
      "examples": [
        "scan devices using 123",
        "scan d using 123",
        "scan dhcp from 123 with udp/67 using 456",
        "scan routers using 123"
      ]
    },
    "dstat": {
      "description": "View device status through a remote debugger.",
      "subcommands": {
        "default": "Get status of specified device",
        "clear": "Clear port tx/rx statistics"
      },
      "syntax": "dstat [clear] <address> using <debugger_addr>",
      "examples": [
        "dstat 123 using 456",
        "dstat clear 123 using 456"
      ]
    },
    "watch": {
      "description": "Watch device information/programs through a debugger.",
      "syntax": "watch [address] using <debugger_addr>",
      "examples": [
        "watch using 123",
        "watch 123 using 456"
      ]
    },
    "pcap": {
      "description": "Start traffic capture on a network tap.",
      "syntax": "pcap [exclude] [=<traffic_type>...] on <tap_addr> using <debugger_addr>",
      "examples": [
        "pcap on 123 using 456",
        "pcap =udp/520 on 123 using 456",
        "pcap exclude =tcp/23 =udp/23 on 123 using 456"
      ]
    },
    "vmconf": {
      "description": "Manage virtual machines on servers.",
      "subcommands": {
        "show": "Show virtual machines on server",
        "create": "Create a virtual machine"
      },
      "syntax": "vmconf <action> [cpu memory storage] [netaddr <addr>] on <server_addr> using <debugger_addr>",
      "examples": [
        "vmconf show on @mysrv using @mydebug",
        "vmconf create 2 1 1 on @mysrv using @mydebug",
        "vmconf create 2 1 1 netaddr @myvm on @mysrv using @mydebug"
      ]
    },
    "botconf": {
      "description": "Manage bots on devices.",
      "subcommands": {
        "show": "Show bots and their configuration",
        "create visitor": "Create a bot to generate visit traffic"
      },
      "syntax": "botconf <action> [to <visit_addr>] on <target_addr> using <debugger_addr>",
      "examples": [
        "botconf show on 123 using 456",
        "botconf create visitor to 789 on 123 using 456"
      ]
    },
    "haconf": {
      "description": "Manage high-availability setup on devices.",
      "syntax": "haconf show on <device_addr> using <debugger_addr>",
      "examples": [
        "haconf show on @mydevice using @mydebug"
      ]
    },
    "sftp": {
      "description": "Remote tool for file backup/migration.",
      "subcommands": {
        "ls": "Show data and configuration files",
        "cp": "Copy file from source to destination",
        "rm": "Remove file from source"
      },
      "syntax": "sftp <action> [file_name] on <src_addr> [to <dst_addr>] [rename <new_name>] using <debugger_addr>",
      "examples": [
        "sftp ls on 123 using 456",
        "sftp cp /etc/routes.conf on 123 to 789 using 456",
        "sftp cp /etc/routes.conf on 123 to 789 rename backup1 using 456",
        "sftp rm myfile on 1337 using 456"
      ]
    },
    "power": {
      "description": "Remote device power management.",
      "subcommands": {
        "wake": "Power on device(s)",
        "suspend": "Power off device(s)"
      },
      "syntax": "power <wake|suspend> [on <device_addr>|broadcast] using <debugger_addr>",
      "examples": [
        "power suspend on 123 using 456",
        "power wake on 123 using 456",
        "power wake broadcast using 456"
      ]
    },
    "alias": {
      "description": "Create command aliases for convenience.",
      "subcommands": {
        "default": "List command aliases",
        "set": "Set command alias",
        "unset": "Unset command alias"
      },
      "syntax": "alias [alias_name] [command]",
      "notes": "Use ${1}, ${2}, etc. for parameters in aliases",
      "examples": [
        "alias",
        "alias apt program",
        "alias telnet always using",
        "alias apt",
        "alias tr trace ${1} from @dbg; tr 123"
      ]
    },
    "always": {
      "description": "Shell quality-of-life enhancements - set default debugger/device.",
      "subcommands": {
        "using": "Set default debugger to always use",
        "using (no arg)": "Cycle default debugger",
        "not using": "Clear always helper settings",
        "on": "Set default device to always be on"
      },
      "syntax": "always <using|on> [address]",
      "examples": [
        "always using 123",
        "always using",
        "always not using",
        "always on 456"
      ]
    },
    "cron": {
      "description": "Schedule commands to run automatically.",
      "subcommands": {
        "show": "Show scheduled commands",
        "add": "Add a new cron schedule",
        "remove": "Remove cron schedules",
        "clear": "Clear cron logs",
        "clear all": "Clear all schedules and logs"
      },
      "schedules": ["hourly", "specific time (e.g., 1200)"],
      "syntax": "cron <action> [schedule] [command]",
      "examples": [
        "cron show",
        "cron add hourly ping 123",
        "cron add 1200 program start dns-server on @noon",
        "cron remove #0 #2",
        "cron clear",
        "cron clear all"
      ]
    },
    "try": {
      "description": "Try a command, run another if it succeeds or fails.",
      "syntax": "try <cmd1> [then <cmd2>] [else <cmd3>]",
      "examples": [
        "try ping 1234 else notify 1234 is down",
        "try ping 1234 then notify up else notify down"
      ]
    },
    "lstdbg": {
      "description": "List debuggers for remote access.",
      "notes": "Only lists debuggers that are RUNNING - make sure to power them up",
      "syntax": "lstdbg",
      "examples": ["lstdbg"]
    },
    "notify": {
      "description": "Send an on-screen notification.",
      "syntax": "notify <message>",
      "examples": ["notify Server is down!"]
    },
    "man": {
      "description": "Usage manual/help routine.",
      "syntax": "man [command]",
      "examples": ["man", "man firewall", "man route"]
    },
    "clear": {
      "description": "Clear the terminal screen.",
      "syntax": "clear"
    },
    "echo": {
      "description": "Print text to terminal.",
      "syntax": "echo <message>"
    },
    "quit": {
      "description": "Exit netsh terminal.",
      "syntax": "quit"
    }
  }
}
